Designator,Val,Package,Mid X,Mid Y,Rotation,Layer
C1,10uF,C_0402_1005Metric,238.000000,-185.000000,-90.000000,top
C2,10uF,C_0402_1005Metric,238.000000,-301.133334,-90.000000,top
C3,10uF,C_0402_1005Metric,238.000000,-126.933334,-90.000000,top
C4,10uF,C_0402_1005Metric,238.000000,-243.066666,-90.000000,top
C5,10uF,C_0402_1005Metric,241.500000,-185.000000,-90.000000,top
C6,10uF,C_0402_1005Metric,241.500000,-301.133334,-90.000000,top
C7,10uF,C_0402_1005Metric,241.500000,-126.933334,-90.000000,top
C8,10uF,C_0402_1005Metric,241.500000,-243.066666,-90.000000,top
C9,0.1uF,C_0402_1005Metric,245.000000,-185.000000,-90.000000,top
C10,0.1uF,C_0402_1005Metric,245.000000,-301.133334,-90.000000,top
C11,0.1uF,C_0402_1005Metric,245.000000,-126.933334,-90.000000,top
C12,0.1uF,C_0402_1005Metric,245.000000,-243.066666,-90.000000,top
C13,0.1uF,C_0402_1005Metric,259.000000,-188.850000,0.000000,top
C14,0.1uF,C_0402_1005Metric,259.000000,-305.000000,0.000000,top
C15,0.1uF,C_0402_1005Metric,259.000000,-130.800000,0.000000,top
C16,0.1uF,C_0402_1005Metric,259.000000,-246.950000,0.000000,top
D1,LED,LED_0603_1608Metric,343.287500,-95.000000,0.000000,top
D2,LED,LED_0603_1608Metric,348.287500,-95.000000,0.000000,top
D3,LED,LED_0603_1608Metric,353.287500,-95.000000,0.000000,top
D4,LED,LED_0603_1608Metric,343.287500,-100.000000,0.000000,top
D5,LED,LED_0603_1608Metric,348.287500,-100.000000,0.000000,top
D6,LED,LED_0603_1608Metric,353.287500,-100.000000,0.000000,top
D7,LED,LED_0603_1608Metric,358.287500,-100.000000,0.000000,top
D8,LED,LED_0603_1608Metric,328.287500,-105.000000,0.000000,top
D9,LED,LED_0603_1608Metric,333.287500,-105.000000,0.000000,top
D10,LED,LED_0603_1608Metric,338.287500,-105.000000,0.000000,top
D11,LED,LED_0603_1608Metric,333.287500,-110.000000,0.000000,top
D12,LED,LED_0603_1608Metric,338.287500,-120.000000,0.000000,top
D13,LED,LED_0603_1608Metric,358.287500,-115.000000,0.000000,top
D14,LED,LED_0603_1608Metric,358.287500,-125.000000,0.000000,top
D15,LED,LED_0603_1608Metric,318.287500,-125.000000,0.000000,top
D16,LED,LED_0603_1608Metric,338.287500,-130.000000,0.000000,top
D17,LED,LED_0603_1608Metric,343.287500,-105.000000,0.000000,top
D18,LED,LED_0603_1608Metric,338.287500,-110.000000,0.000000,top
D19,LED,LED_0603_1608Metric,343.287500,-110.000000,0.000000,top
D20,LED,LED_0603_1608Metric,348.287500,-110.000000,0.000000,top
D21,LED,LED_0603_1608Metric,353.287500,-110.000000,0.000000,top
D22,LED,LED_0603_1608Metric,358.287500,-110.000000,0.000000,top
D23,LED,LED_0603_1608Metric,363.287500,-110.000000,0.000000,top
D24,LED,LED_0603_1608Metric,368.287500,-110.000000,0.000000,top
D25,LED,LED_0603_1608Metric,318.287500,-115.000000,0.000000,top
D26,LED,LED_0603_1608Metric,323.287500,-115.000000,0.000000,top
D27,LED,LED_0603_1608Metric,328.287500,-115.000000,0.000000,top
D28,LED,LED_0603_1608Metric,333.287500,-115.000000,0.000000,top
D29,LED,LED_0603_1608Metric,338.287500,-115.000000,0.000000,top
D30,LED,LED_0603_1608Metric,343.287500,-115.000000,0.000000,top
D31,LED,LED_0603_1608Metric,348.287500,-115.000000,0.000000,top
D32,LED,LED_0603_1608Metric,353.287500,-115.000000,0.000000,top
D33,LED,LED_0603_1608Metric,353.287500,-105.000000,0.000000,top
D34,LED,LED_0603_1608Metric,363.287500,-115.000000,0.000000,top
D35,LED,LED_0603_1608Metric,368.287500,-115.000000,0.000000,top
D36,LED,LED_0603_1608Metric,313.287500,-120.000000,0.000000,top
D37,LED,LED_0603_1608Metric,318.287500,-120.000000,0.000000,top
D38,LED,LED_0603_1608Metric,323.287500,-120.000000,0.000000,top
D39,LED,LED_0603_1608Metric,328.287500,-120.000000,0.000000,top
D40,LED,LED_0603_1608Metric,333.287500,-120.000000,0.000000,top
D41,LED,LED_0603_1608Metric,348.287500,-105.000000,0.000000,top
D42,LED,LED_0603_1608Metric,343.287500,-120.000000,0.000000,top
D43,LED,LED_0603_1608Metric,348.287500,-120.000000,0.000000,top
D44,LED,LED_0603_1608Metric,353.287500,-120.000000,0.000000,top
D45,LED,LED_0603_1608Metric,358.287500,-120.000000,0.000000,top
D46,LED,LED_0603_1608Metric,363.287500,-120.000000,0.000000,top
D47,LED,LED_0603_1608Metric,368.287500,-120.000000,0.000000,top
D48,LED,LED_0603_1608Metric,313.287500,-125.000000,0.000000,top
D49,LED,LED_0603_1608Metric,363.287500,-105.000000,0.000000,top
D50,LED,LED_0603_1608Metric,323.287500,-125.000000,0.000000,top
D51,LED,LED_0603_1608Metric,328.287500,-125.000000,0.000000,top
D52,LED,LED_0603_1608Metric,333.287500,-125.000000,0.000000,top
D53,LED,LED_0603_1608Metric,338.287500,-125.000000,0.000000,top
D54,LED,LED_0603_1608Metric,343.287500,-125.000000,0.000000,top
D55,LED,LED_0603_1608Metric,348.287500,-125.000000,0.000000,top
D56,LED,LED_0603_1608Metric,353.287500,-125.000000,0.000000,top
D57,LED,LED_0603_1608Metric,358.287500,-105.000000,0.000000,top
D58,LED,LED_0603_1608Metric,363.287500,-125.000000,0.000000,top
D59,LED,LED_0603_1608Metric,368.287500,-125.000000,0.000000,top
D60,LED,LED_0603_1608Metric,313.287500,-130.000000,0.000000,top
D61,LED,LED_0603_1608Metric,318.287500,-130.000000,0.000000,top
D62,LED,LED_0603_1608Metric,323.287500,-130.000000,0.000000,top
D63,LED,LED_0603_1608Metric,328.287500,-130.000000,0.000000,top
D64,LED,LED_0603_1608Metric,333.287500,-130.000000,0.000000,top
D65,LED,LED_0603_1608Metric,328.287500,-110.000000,0.000000,top
D66,LED,LED_0603_1608Metric,343.287500,-130.000000,0.000000,top
D67,LED,LED_0603_1608Metric,348.287500,-130.000000,0.000000,top
D68,LED,LED_0603_1608Metric,353.287500,-130.000000,0.000000,top
D69,LED,LED_0603_1608Metric,358.287500,-130.000000,0.000000,top
D70,LED,LED_0603_1608Metric,363.287500,-130.000000,0.000000,top
D71,LED,LED_0603_1608Metric,368.287500,-130.000000,0.000000,top
D72,LED,LED_0603_1608Metric,313.287500,-135.000000,0.000000,top
D73,LED,LED_0603_1608Metric,318.287500,-135.000000,0.000000,top
D74,LED,LED_0603_1608Metric,323.287500,-135.000000,0.000000,top
D75,LED,LED_0603_1608Metric,328.287500,-135.000000,0.000000,top
D76,LED,LED_0603_1608Metric,333.287500,-135.000000,0.000000,top
D77,LED,LED_0603_1608Metric,338.287500,-135.000000,0.000000,top
D78,LED,LED_0603_1608Metric,343.287500,-135.000000,0.000000,top
D79,LED,LED_0603_1608Metric,348.287500,-135.000000,0.000000,top
D80,LED,LED_0603_1608Metric,353.287500,-135.000000,0.000000,top
D81,LED,LED_0603_1608Metric,358.287500,-135.000000,0.000000,top
D82,LED,LED_0603_1608Metric,363.287500,-135.000000,0.000000,top
D83,LED,LED_0603_1608Metric,368.287500,-135.000000,0.000000,top
D84,LED,LED_0603_1608Metric,308.287500,-140.000000,0.000000,top
D85,LED,LED_0603_1608Metric,313.287500,-140.000000,0.000000,top
D86,LED,LED_0603_1608Metric,318.287500,-140.000000,0.000000,top
D87,LED,LED_0603_1608Metric,323.287500,-140.000000,0.000000,top
D88,LED,LED_0603_1608Metric,328.287500,-140.000000,0.000000,top
D89,LED,LED_0603_1608Metric,333.287500,-140.000000,0.000000,top
D90,LED,LED_0603_1608Metric,338.287500,-139.640000,0.000000,top
D91,LED,LED_0603_1608Metric,343.287500,-140.000000,0.000000,top
D92,LED,LED_0603_1608Metric,348.287500,-140.000000,0.000000,top
D93,LED,LED_0603_1608Metric,353.287500,-140.000000,0.000000,top
D94,LED,LED_0603_1608Metric,358.287500,-140.000000,0.000000,top
D95,LED,LED_0603_1608Metric,363.287500,-140.000000,0.000000,top
D96,LED,LED_0603_1608Metric,368.287500,-140.000000,0.000000,top
D97,LED,LED_0603_1608Metric,308.287500,-145.000000,0.000000,top
D98,LED,LED_0603_1608Metric,313.287500,-145.000000,0.000000,top
D99,LED,LED_0603_1608Metric,318.287500,-145.000000,0.000000,top
D100,LED,LED_0603_1608Metric,323.287500,-145.000000,0.000000,top
D101,LED,LED_0603_1608Metric,328.287500,-145.000000,0.000000,top
D102,LED,LED_0603_1608Metric,333.287500,-145.000000,0.000000,top
D103,LED,LED_0603_1608Metric,338.287500,-145.000000,0.000000,top
D104,LED,LED_0603_1608Metric,343.287500,-145.000000,0.000000,top
D105,LED,LED_0603_1608Metric,348.287500,-145.000000,0.000000,top
D106,LED,LED_0603_1608Metric,353.287500,-145.000000,0.000000,top
D107,LED,LED_0603_1608Metric,358.287500,-145.000000,0.000000,top
D108,LED,LED_0603_1608Metric,363.287500,-145.000000,0.000000,top
D109,LED,LED_0603_1608Metric,368.287500,-145.000000,0.000000,top
D110,LED,LED_0603_1608Metric,303.287500,-150.000000,0.000000,top
D111,LED,LED_0603_1608Metric,308.287500,-150.000000,0.000000,top
D112,LED,LED_0603_1608Metric,313.287500,-150.000000,0.000000,top
D113,LED,LED_0603_1608Metric,318.287500,-150.000000,0.000000,top
D114,LED,LED_0603_1608Metric,323.287500,-150.000000,0.000000,top
D115,LED,LED_0603_1608Metric,328.287500,-150.000000,0.000000,top
D116,LED,LED_0603_1608Metric,333.287500,-150.000000,0.000000,top
D117,LED,LED_0603_1608Metric,338.287500,-150.000000,0.000000,top
D118,LED,LED_0603_1608Metric,343.287500,-150.000000,0.000000,top
D119,LED,LED_0603_1608Metric,348.287500,-150.000000,0.000000,top
D120,LED,LED_0603_1608Metric,353.287500,-150.000000,0.000000,top
D121,LED,LED_0603_1608Metric,358.287500,-150.000000,0.000000,top
D122,LED,LED_0603_1608Metric,363.287500,-150.000000,0.000000,top
D123,LED,LED_0603_1608Metric,368.287500,-150.000000,0.000000,top
D124,LED,LED_0603_1608Metric,298.287500,-155.000000,0.000000,top
D125,LED,LED_0603_1608Metric,303.287500,-155.000000,0.000000,top
D126,LED,LED_0603_1608Metric,308.287500,-155.000000,0.000000,top
D127,LED,LED_0603_1608Metric,313.287500,-155.000000,0.000000,top
D128,LED,LED_0603_1608Metric,318.287500,-155.000000,0.000000,top
D129,LED,LED_0603_1608Metric,323.287500,-155.000000,0.000000,top
D130,LED,LED_0603_1608Metric,328.287500,-155.000000,0.000000,top
D131,LED,LED_0603_1608Metric,333.287500,-155.000000,0.000000,top
D132,LED,LED_0603_1608Metric,338.287500,-155.000000,0.000000,top
D133,LED,LED_0603_1608Metric,343.287500,-155.000000,0.000000,top
D134,LED,LED_0603_1608Metric,348.287500,-155.000000,0.000000,top
D135,LED,LED_0603_1608Metric,353.287500,-155.000000,0.000000,top
D136,LED,LED_0603_1608Metric,358.287500,-155.000000,0.000000,top
D137,LED,LED_0603_1608Metric,363.287500,-155.000000,0.000000,top
D138,LED,LED_0603_1608Metric,368.287500,-155.000000,0.000000,top
D139,LED,LED_0603_1608Metric,298.287500,-160.000000,0.000000,top
D140,LED,LED_0603_1608Metric,303.287500,-160.000000,0.000000,top
D141,LED,LED_0603_1608Metric,308.287500,-160.000000,0.000000,top
D142,LED,LED_0603_1608Metric,313.287500,-160.000000,0.000000,top
D143,LED,LED_0603_1608Metric,318.287500,-160.000000,0.000000,top
D144,LED,LED_0603_1608Metric,323.287500,-160.000000,0.000000,top
D145,LED,LED_0603_1608Metric,328.287500,-160.000000,0.000000,top
D146,LED,LED_0603_1608Metric,333.287500,-160.000000,0.000000,top
D147,LED,LED_0603_1608Metric,338.287500,-160.000000,0.000000,top
D148,LED,LED_0603_1608Metric,343.287500,-160.000000,0.000000,top
D149,LED,LED_0603_1608Metric,348.287500,-160.000000,0.000000,top
D150,LED,LED_0603_1608Metric,353.287500,-160.000000,0.000000,top
D151,LED,LED_0603_1608Metric,358.287500,-160.000000,0.000000,top
D152,LED,LED_0603_1608Metric,363.287500,-160.000000,0.000000,top
D153,LED,LED_0603_1608Metric,368.287500,-160.000000,0.000000,top
D154,LED,LED_0603_1608Metric,298.287500,-164.820000,0.000000,top
D155,LED,LED_0603_1608Metric,303.287500,-165.000000,0.000000,top
D156,LED,LED_0603_1608Metric,308.287500,-165.000000,0.000000,top
D157,LED,LED_0603_1608Metric,313.287500,-165.000000,0.000000,top
D158,LED,LED_0603_1608Metric,318.287500,-165.000000,0.000000,top
D159,LED,LED_0603_1608Metric,323.287500,-165.000000,0.000000,top
D160,LED,LED_0603_1608Metric,328.287500,-165.000000,0.000000,top
D161,LED,LED_0603_1608Metric,333.287500,-165.000000,0.000000,top
D162,LED,LED_0603_1608Metric,338.287500,-165.000000,0.000000,top
D163,LED,LED_0603_1608Metric,343.287500,-165.000000,0.000000,top
D164,LED,LED_0603_1608Metric,348.287500,-165.000000,0.000000,top
D165,LED,LED_0603_1608Metric,353.287500,-165.000000,0.000000,top
D166,LED,LED_0603_1608Metric,358.287500,-165.000000,0.000000,top
D167,LED,LED_0603_1608Metric,363.287500,-165.000000,0.000000,top
D168,LED,LED_0603_1608Metric,368.287500,-165.000000,0.000000,top
D169,LED,LED_0603_1608Metric,298.287500,-170.000000,0.000000,top
D170,LED,LED_0603_1608Metric,303.287500,-170.000000,0.000000,top
D171,LED,LED_0603_1608Metric,308.287500,-170.000000,0.000000,top
D172,LED,LED_0603_1608Metric,313.287500,-170.000000,0.000000,top
D173,LED,LED_0603_1608Metric,318.287500,-170.000000,0.000000,top
D174,LED,LED_0603_1608Metric,323.287500,-170.000000,0.000000,top
D175,LED,LED_0603_1608Metric,328.287500,-170.000000,0.000000,top
D176,LED,LED_0603_1608Metric,333.287500,-170.000000,0.000000,top
D177,LED,LED_0603_1608Metric,338.287500,-170.000000,0.000000,top
D178,LED,LED_0603_1608Metric,343.287500,-170.000000,0.000000,top
D179,LED,LED_0603_1608Metric,348.287500,-170.000000,0.000000,top
D180,LED,LED_0603_1608Metric,353.287500,-170.000000,0.000000,top
D181,LED,LED_0603_1608Metric,358.287500,-170.000000,0.000000,top
D182,LED,LED_0603_1608Metric,293.287500,-175.000000,0.000000,top
D183,LED,LED_0603_1608Metric,298.287500,-175.000000,0.000000,top
D184,LED,LED_0603_1608Metric,303.287500,-175.000000,0.000000,top
D185,LED,LED_0603_1608Metric,308.287500,-175.000000,0.000000,top
D186,LED,LED_0603_1608Metric,313.287500,-175.000000,0.000000,top
D187,LED,LED_0603_1608Metric,318.287500,-175.000000,0.000000,top
D188,LED,LED_0603_1608Metric,323.287500,-175.000000,0.000000,top
D189,LED,LED_0603_1608Metric,328.287500,-175.000000,0.000000,top
D190,LED,LED_0603_1608Metric,333.287500,-175.000000,0.000000,top
D191,LED,LED_0603_1608Metric,338.287500,-175.000000,0.000000,top
D192,LED,LED_0603_1608Metric,343.287500,-175.000000,0.000000,top
D193,LED,LED_0603_1608Metric,348.287500,-175.000000,0.000000,top
D194,LED,LED_0603_1608Metric,353.287500,-175.000000,0.000000,top
D195,LED,LED_0603_1608Metric,293.287500,-180.000000,0.000000,top
D196,LED,LED_0603_1608Metric,298.287500,-180.000000,0.000000,top
D197,LED,LED_0603_1608Metric,303.287500,-180.000000,0.000000,top
D198,LED,LED_0603_1608Metric,308.287500,-180.000000,0.000000,top
D199,LED,LED_0603_1608Metric,313.287500,-180.000000,0.000000,top
D200,LED,LED_0603_1608Metric,318.287500,-180.000000,0.000000,top
D201,LED,LED_0603_1608Metric,323.287500,-180.000000,0.000000,top
D202,LED,LED_0603_1608Metric,328.287500,-180.000000,0.000000,top
D203,LED,LED_0603_1608Metric,333.287500,-180.000000,0.000000,top
D204,LED,LED_0603_1608Metric,338.287500,-180.000000,0.000000,top
D205,LED,LED_0603_1608Metric,343.287500,-180.000000,0.000000,top
D206,LED,LED_0603_1608Metric,348.287500,-180.000000,0.000000,top
D207,LED,LED_0603_1608Metric,353.287500,-180.000000,0.000000,top
D208,LED,LED_0603_1608Metric,293.287500,-185.000000,0.000000,top
D209,LED,LED_0603_1608Metric,298.287500,-185.000000,0.000000,top
D210,LED,LED_0603_1608Metric,303.287500,-185.000000,0.000000,top
D211,LED,LED_0603_1608Metric,308.287500,-185.000000,0.000000,top
D212,LED,LED_0603_1608Metric,313.287500,-185.000000,0.000000,top
D213,LED,LED_0603_1608Metric,318.287500,-185.000000,0.000000,top
D214,LED,LED_0603_1608Metric,323.287500,-185.000000,0.000000,top
D215,LED,LED_0603_1608Metric,328.287500,-185.000000,0.000000,top
D216,LED,LED_0603_1608Metric,333.287500,-185.000000,0.000000,top
D217,LED,LED_0603_1608Metric,338.287500,-185.000000,0.000000,top
D218,LED,LED_0603_1608Metric,343.287500,-185.000000,0.000000,top
D219,LED,LED_0603_1608Metric,348.287500,-185.000000,0.000000,top
D220,LED,LED_0603_1608Metric,353.287500,-185.000000,0.000000,top
D221,LED,LED_0603_1608Metric,288.287500,-190.000000,0.000000,top
D222,LED,LED_0603_1608Metric,293.287500,-190.000000,0.000000,top
D223,LED,LED_0603_1608Metric,298.287500,-190.000000,0.000000,top
D224,LED,LED_0603_1608Metric,303.287500,-190.000000,0.000000,top
D225,LED,LED_0603_1608Metric,308.287500,-190.000000,0.000000,top
D226,LED,LED_0603_1608Metric,313.287500,-190.000000,0.000000,top
D227,LED,LED_0603_1608Metric,318.287500,-190.000000,0.000000,top
D228,LED,LED_0603_1608Metric,323.287500,-190.000000,0.000000,top
D229,LED,LED_0603_1608Metric,328.287500,-190.000000,0.000000,top
D230,LED,LED_0603_1608Metric,333.287500,-190.000000,0.000000,top
D231,LED,LED_0603_1608Metric,338.287500,-190.000000,0.000000,top
D232,LED,LED_0603_1608Metric,343.287500,-190.000000,0.000000,top
D233,LED,LED_0603_1608Metric,348.287500,-190.000000,0.000000,top
D234,LED,LED_0603_1608Metric,353.287500,-190.000000,0.000000,top
D235,LED,LED_0603_1608Metric,283.287500,-195.000000,0.000000,top
D236,LED,LED_0603_1608Metric,288.287500,-195.000000,0.000000,top
D237,LED,LED_0603_1608Metric,293.287500,-195.000000,0.000000,top
D238,LED,LED_0603_1608Metric,298.287500,-195.000000,0.000000,top
D239,LED,LED_0603_1608Metric,303.287500,-195.000000,0.000000,top
D240,LED,LED_0603_1608Metric,308.287500,-195.000000,0.000000,top
D241,LED,LED_0603_1608Metric,313.287500,-195.000000,0.000000,top
D242,LED,LED_0603_1608Metric,318.287500,-195.000000,0.000000,top
D243,LED,LED_0603_1608Metric,323.287500,-195.000000,0.000000,top
D244,LED,LED_0603_1608Metric,328.287500,-195.000000,0.000000,top
D245,LED,LED_0603_1608Metric,333.287500,-195.000000,0.000000,top
D246,LED,LED_0603_1608Metric,338.287500,-195.000000,0.000000,top
D247,LED,LED_0603_1608Metric,343.287500,-195.000000,0.000000,top
D248,LED,LED_0603_1608Metric,348.287500,-195.000000,0.000000,top
D249,LED,LED_0603_1608Metric,278.287500,-200.000000,0.000000,top
D250,LED,LED_0603_1608Metric,283.287500,-200.000000,0.000000,top
D251,LED,LED_0603_1608Metric,288.287500,-200.000000,0.000000,top
D252,LED,LED_0603_1608Metric,293.287500,-200.000000,0.000000,top
D253,LED,LED_0603_1608Metric,298.287500,-200.000000,0.000000,top
D254,LED,LED_0603_1608Metric,303.287500,-200.000000,0.000000,top
D255,LED,LED_0603_1608Metric,308.287500,-200.000000,0.000000,top
D256,LED,LED_0603_1608Metric,313.287500,-200.000000,0.000000,top
D257,LED,LED_0603_1608Metric,318.287500,-200.000000,0.000000,top
D258,LED,LED_0603_1608Metric,323.287500,-200.000000,0.000000,top
D259,LED,LED_0603_1608Metric,328.287500,-200.000000,0.000000,top
D260,LED,LED_0603_1608Metric,333.287500,-200.000000,0.000000,top
D261,LED,LED_0603_1608Metric,338.287500,-200.000000,0.000000,top
D262,LED,LED_0603_1608Metric,343.287500,-200.000000,0.000000,top
D263,LED,LED_0603_1608Metric,348.287500,-200.000000,0.000000,top
D264,LED,LED_0603_1608Metric,278.287500,-205.000000,0.000000,top
D265,LED,LED_0603_1608Metric,283.287500,-205.000000,0.000000,top
D266,LED,LED_0603_1608Metric,288.287500,-205.000000,0.000000,top
D267,LED,LED_0603_1608Metric,293.287500,-205.000000,0.000000,top
D268,LED,LED_0603_1608Metric,298.287500,-205.000000,0.000000,top
D269,LED,LED_0603_1608Metric,303.287500,-205.000000,0.000000,top
D270,LED,LED_0603_1608Metric,308.287500,-205.000000,0.000000,top
D271,LED,LED_0603_1608Metric,313.287500,-205.000000,0.000000,top
D272,LED,LED_0603_1608Metric,318.287500,-205.000000,0.000000,top
D273,LED,LED_0603_1608Metric,323.287500,-205.000000,0.000000,top
D274,LED,LED_0603_1608Metric,328.287500,-205.000000,0.000000,top
D275,LED,LED_0603_1608Metric,333.287500,-205.000000,0.000000,top
D276,LED,LED_0603_1608Metric,338.287500,-205.000000,0.000000,top
D277,LED,LED_0603_1608Metric,278.287500,-210.000000,0.000000,top
D278,LED,LED_0603_1608Metric,283.287500,-210.000000,0.000000,top
D279,LED,LED_0603_1608Metric,288.287500,-210.000000,0.000000,top
D280,LED,LED_0603_1608Metric,293.287500,-210.000000,0.000000,top
D281,LED,LED_0603_1608Metric,298.287500,-210.000000,0.000000,top
D282,LED,LED_0603_1608Metric,303.287500,-210.000000,0.000000,top
D283,LED,LED_0603_1608Metric,308.287500,-210.000000,0.000000,top
D284,LED,LED_0603_1608Metric,313.287500,-210.000000,0.000000,top
D285,LED,LED_0603_1608Metric,318.287500,-210.000000,0.000000,top
D286,LED,LED_0603_1608Metric,323.287500,-210.000000,0.000000,top
D287,LED,LED_0603_1608Metric,328.287500,-210.000000,0.000000,top
D288,LED,LED_0603_1608Metric,333.287500,-210.000000,0.000000,top
D289,LED,LED_0603_1608Metric,278.287500,-215.000000,0.000000,top
D290,LED,LED_0603_1608Metric,283.287500,-215.000000,0.000000,top
D291,LED,LED_0603_1608Metric,288.287500,-215.000000,0.000000,top
D292,LED,LED_0603_1608Metric,293.287500,-215.000000,0.000000,top
D293,LED,LED_0603_1608Metric,298.287500,-215.000000,0.000000,top
D294,LED,LED_0603_1608Metric,303.287500,-215.000000,0.000000,top
D295,LED,LED_0603_1608Metric,308.287500,-215.000000,0.000000,top
D296,LED,LED_0603_1608Metric,313.287500,-215.000000,0.000000,top
D297,LED,LED_0603_1608Metric,318.287500,-215.000000,0.000000,top
D298,LED,LED_0603_1608Metric,323.287500,-215.000000,0.000000,top
D299,LED,LED_0603_1608Metric,328.287500,-215.000000,0.000000,top
D300,LED,LED_0603_1608Metric,283.287500,-220.000000,0.000000,top
D301,LED,LED_0603_1608Metric,288.287500,-220.000000,0.000000,top
D302,LED,LED_0603_1608Metric,293.287500,-220.000000,0.000000,top
D303,LED,LED_0603_1608Metric,298.287500,-220.000000,0.000000,top
D304,LED,LED_0603_1608Metric,303.287500,-220.000000,0.000000,top
D305,LED,LED_0603_1608Metric,308.287500,-220.000000,0.000000,top
D306,LED,LED_0603_1608Metric,313.287500,-220.000000,0.000000,top
D307,LED,LED_0603_1608Metric,318.287500,-220.000000,0.000000,top
D308,LED,LED_0603_1608Metric,323.287500,-220.000000,0.000000,top
D309,LED,LED_0603_1608Metric,283.287500,-225.000000,0.000000,top
D310,LED,LED_0603_1608Metric,288.287500,-225.000000,0.000000,top
D311,LED,LED_0603_1608Metric,293.287500,-225.000000,0.000000,top
D312,LED,LED_0603_1608Metric,298.287500,-225.000000,0.000000,top
D313,LED,LED_0603_1608Metric,303.287500,-225.000000,0.000000,top
D314,LED,LED_0603_1608Metric,308.287500,-225.000000,0.000000,top
D315,LED,LED_0603_1608Metric,313.287500,-225.000000,0.000000,top
D316,LED,LED_0603_1608Metric,318.287500,-225.000000,0.000000,top
D317,LED,LED_0603_1608Metric,323.287500,-225.000000,0.000000,top
D318,LED,LED_0603_1608Metric,278.287500,-230.000000,0.000000,top
D319,LED,LED_0603_1608Metric,283.287500,-230.000000,0.000000,top
D320,LED,LED_0603_1608Metric,288.287500,-230.000000,0.000000,top
D321,LED,LED_0603_1608Metric,293.287500,-230.000000,0.000000,top
D322,LED,LED_0603_1608Metric,298.287500,-230.000000,0.000000,top
D323,LED,LED_0603_1608Metric,303.287500,-230.000000,0.000000,top
D324,LED,LED_0603_1608Metric,308.287500,-230.000000,0.000000,top
D325,LED,LED_0603_1608Metric,313.287500,-230.000000,0.000000,top
D326,LED,LED_0603_1608Metric,318.287500,-230.000000,0.000000,top
D327,LED,LED_0603_1608Metric,323.287500,-230.000000,0.000000,top
D328,LED,LED_0603_1608Metric,283.287500,-235.000000,0.000000,top
D329,LED,LED_0603_1608Metric,288.287500,-235.000000,0.000000,top
D330,LED,LED_0603_1608Metric,293.287500,-235.000000,0.000000,top
D331,LED,LED_0603_1608Metric,298.287500,-235.000000,0.000000,top
D332,LED,LED_0603_1608Metric,303.287500,-235.000000,0.000000,top
D333,LED,LED_0603_1608Metric,308.287500,-235.000000,0.000000,top
D334,LED,LED_0603_1608Metric,313.287500,-235.000000,0.000000,top
D335,LED,LED_0603_1608Metric,318.287500,-235.000000,0.000000,top
D336,LED,LED_0603_1608Metric,323.287500,-235.000000,0.000000,top
D337,LED,LED_0603_1608Metric,283.287500,-240.000000,0.000000,top
D338,LED,LED_0603_1608Metric,288.287500,-240.000000,0.000000,top
D339,LED,LED_0603_1608Metric,293.287500,-240.000000,0.000000,top
D340,LED,LED_0603_1608Metric,298.287500,-240.000000,0.000000,top
D341,LED,LED_0603_1608Metric,303.287500,-240.000000,0.000000,top
D342,LED,LED_0603_1608Metric,308.287500,-240.000000,0.000000,top
D343,LED,LED_0603_1608Metric,313.287500,-240.000000,0.000000,top
D344,LED,LED_0603_1608Metric,318.287500,-240.000000,0.000000,top
D345,LED,LED_0603_1608Metric,283.287500,-245.000000,0.000000,top
D346,LED,LED_0603_1608Metric,288.287500,-245.000000,0.000000,top
D347,LED,LED_0603_1608Metric,293.287500,-245.000000,0.000000,top
D348,LED,LED_0603_1608Metric,298.287500,-245.000000,0.000000,top
D349,LED,LED_0603_1608Metric,303.287500,-245.000000,0.000000,top
D350,LED,LED_0603_1608Metric,308.287500,-245.000000,0.000000,top
D351,LED,LED_0603_1608Metric,313.287500,-245.000000,0.000000,top
D352,LED,LED_0603_1608Metric,318.287500,-245.000000,0.000000,top
D353,LED,LED_0603_1608Metric,283.287500,-250.000000,0.000000,top
D354,LED,LED_0603_1608Metric,288.287500,-250.000000,0.000000,top
D355,LED,LED_0603_1608Metric,293.287500,-250.000000,0.000000,top
D356,LED,LED_0603_1608Metric,298.287500,-250.000000,0.000000,top
D357,LED,LED_0603_1608Metric,303.287500,-250.000000,0.000000,top
D358,LED,LED_0603_1608Metric,308.287500,-250.000000,0.000000,top
D359,LED,LED_0603_1608Metric,313.287500,-250.000000,0.000000,top
D360,LED,LED_0603_1608Metric,318.287500,-250.000000,0.000000,top
D361,LED,LED_0603_1608Metric,323.287500,-250.000000,0.000000,top
D362,LED,LED_0603_1608Metric,328.287500,-250.000000,0.000000,top
D363,LED,LED_0603_1608Metric,283.287500,-255.000000,0.000000,top
D364,LED,LED_0603_1608Metric,288.287500,-255.000000,0.000000,top
D365,LED,LED_0603_1608Metric,293.287500,-255.000000,0.000000,top
D366,LED,LED_0603_1608Metric,298.287500,-255.000000,0.000000,top
D367,LED,LED_0603_1608Metric,303.287500,-255.000000,0.000000,top
D368,LED,LED_0603_1608Metric,308.287500,-255.000000,0.000000,top
D369,LED,LED_0603_1608Metric,313.287500,-255.000000,0.000000,top
D370,LED,LED_0603_1608Metric,318.287500,-255.000000,0.000000,top
D371,LED,LED_0603_1608Metric,323.287500,-255.000000,0.000000,top
D372,LED,LED_0603_1608Metric,328.287500,-255.000000,0.000000,top
D373,LED,LED_0603_1608Metric,333.287500,-255.000000,0.000000,top
D374,LED,LED_0603_1608Metric,278.287500,-260.000000,0.000000,top
D375,LED,LED_0603_1608Metric,283.287500,-260.000000,0.000000,top
D376,LED,LED_0603_1608Metric,288.287500,-260.000000,0.000000,top
D377,LED,LED_0603_1608Metric,293.287500,-260.000000,0.000000,top
D378,LED,LED_0603_1608Metric,298.287500,-260.000000,0.000000,top
D379,LED,LED_0603_1608Metric,303.287500,-260.000000,0.000000,top
D380,LED,LED_0603_1608Metric,308.287500,-260.000000,0.000000,top
D381,LED,LED_0603_1608Metric,313.287500,-260.000000,0.000000,top
D382,LED,LED_0603_1608Metric,318.287500,-260.000000,0.000000,top
D383,LED,LED_0603_1608Metric,323.287500,-260.000000,0.000000,top
D384,LED,LED_0603_1608Metric,328.287500,-260.000000,0.000000,top
D385,LED,LED_0603_1608Metric,333.287500,-260.000000,0.000000,top
D386,LED,LED_0603_1608Metric,278.287500,-265.000000,0.000000,top
D387,LED,LED_0603_1608Metric,283.287500,-265.000000,0.000000,top
D388,LED,LED_0603_1608Metric,288.287500,-265.000000,0.000000,top
D389,LED,LED_0603_1608Metric,293.287500,-265.000000,0.000000,top
D390,LED,LED_0603_1608Metric,298.287500,-265.000000,0.000000,top
D391,LED,LED_0603_1608Metric,303.287500,-265.000000,0.000000,top
D392,LED,LED_0603_1608Metric,308.287500,-265.000000,0.000000,top
D393,LED,LED_0603_1608Metric,313.287500,-265.000000,0.000000,top
D394,LED,LED_0603_1608Metric,318.287500,-265.000000,0.000000,top
D395,LED,LED_0603_1608Metric,323.287500,-265.000000,0.000000,top
D396,LED,LED_0603_1608Metric,328.287500,-265.000000,0.000000,top
D397,LED,LED_0603_1608Metric,333.287500,-265.000000,0.000000,top
D398,LED,LED_0603_1608Metric,338.287500,-265.000000,0.000000,top
D399,LED,LED_0603_1608Metric,278.287500,-270.000000,0.000000,top
D400,LED,LED_0603_1608Metric,283.287500,-270.000000,0.000000,top
D401,LED,LED_0603_1608Metric,288.287500,-270.000000,0.000000,top
D402,LED,LED_0603_1608Metric,293.287500,-270.000000,0.000000,top
D403,LED,LED_0603_1608Metric,298.287500,-270.000000,0.000000,top
D404,LED,LED_0603_1608Metric,303.287500,-270.000000,0.000000,top
D405,LED,LED_0603_1608Metric,308.287500,-270.000000,0.000000,top
D406,LED,LED_0603_1608Metric,313.287500,-270.000000,0.000000,top
D407,LED,LED_0603_1608Metric,318.287500,-270.000000,0.000000,top
D408,LED,LED_0603_1608Metric,323.287500,-270.000000,0.000000,top
D409,LED,LED_0603_1608Metric,328.287500,-270.000000,0.000000,top
D410,LED,LED_0603_1608Metric,333.287500,-270.000000,0.000000,top
D411,LED,LED_0603_1608Metric,338.287500,-270.000000,0.000000,top
D412,LED,LED_0603_1608Metric,273.287500,-275.000000,0.000000,top
D413,LED,LED_0603_1608Metric,278.287500,-275.000000,0.000000,top
D414,LED,LED_0603_1608Metric,283.287500,-275.000000,0.000000,top
D415,LED,LED_0603_1608Metric,288.287500,-275.000000,0.000000,top
D416,LED,LED_0603_1608Metric,293.287500,-275.000000,0.000000,top
D417,LED,LED_0603_1608Metric,298.287500,-275.000000,0.000000,top
D418,LED,LED_0603_1608Metric,303.287500,-275.000000,0.000000,top
D419,LED,LED_0603_1608Metric,308.287500,-275.000000,0.000000,top
D420,LED,LED_0603_1608Metric,313.287500,-275.000000,0.000000,top
D421,LED,LED_0603_1608Metric,318.287500,-275.000000,0.000000,top
D422,LED,LED_0603_1608Metric,323.287500,-275.000000,0.000000,top
D423,LED,LED_0603_1608Metric,328.287500,-275.000000,0.000000,top
D424,LED,LED_0603_1608Metric,333.287500,-275.000000,0.000000,top
D425,LED,LED_0603_1608Metric,273.287500,-280.000000,0.000000,top
D426,LED,LED_0603_1608Metric,278.287500,-280.000000,0.000000,top
D427,LED,LED_0603_1608Metric,283.287500,-280.000000,0.000000,top
D428,LED,LED_0603_1608Metric,288.287500,-280.000000,0.000000,top
D429,LED,LED_0603_1608Metric,293.287500,-280.000000,0.000000,top
D430,LED,LED_0603_1608Metric,298.287500,-280.000000,0.000000,top
D431,LED,LED_0603_1608Metric,303.287500,-280.000000,0.000000,top
D432,LED,LED_0603_1608Metric,308.287500,-280.000000,0.000000,top
D433,LED,LED_0603_1608Metric,313.287500,-280.000000,0.000000,top
D434,LED,LED_0603_1608Metric,318.287500,-280.000000,0.000000,top
D435,LED,LED_0603_1608Metric,323.287500,-280.000000,0.000000,top
D436,LED,LED_0603_1608Metric,273.287500,-285.000000,0.000000,top
D437,LED,LED_0603_1608Metric,278.287500,-285.000000,0.000000,top
D438,LED,LED_0603_1608Metric,283.287500,-285.000000,0.000000,top
D439,LED,LED_0603_1608Metric,288.287500,-285.000000,0.000000,top
D440,LED,LED_0603_1608Metric,293.287500,-285.000000,0.000000,top
D441,LED,LED_0603_1608Metric,298.287500,-285.000000,0.000000,top
D442,LED,LED_0603_1608Metric,303.287500,-285.000000,0.000000,top
D443,LED,LED_0603_1608Metric,308.287500,-285.000000,0.000000,top
D444,LED,LED_0603_1608Metric,313.287500,-285.000000,0.000000,top
D445,LED,LED_0603_1608Metric,318.287500,-285.000000,0.000000,top
D446,LED,LED_0603_1608Metric,338.287500,-285.000000,0.000000,top
D447,LED,LED_0603_1608Metric,273.287500,-290.000000,0.000000,top
D448,LED,LED_0603_1608Metric,278.287500,-290.000000,0.000000,top
D449,LED,LED_0603_1608Metric,283.287500,-290.000000,0.000000,top
D450,LED,LED_0603_1608Metric,288.287500,-290.000000,0.000000,top
D451,LED,LED_0603_1608Metric,293.287500,-290.000000,0.000000,top
D452,LED,LED_0603_1608Metric,298.287500,-290.000000,0.000000,top
D453,LED,LED_0603_1608Metric,303.287500,-290.000000,0.000000,top
D454,LED,LED_0603_1608Metric,308.287500,-290.000000,0.000000,top
D455,LED,LED_0603_1608Metric,313.287500,-290.000000,0.000000,top
D456,LED,LED_0603_1608Metric,318.287500,-290.000000,0.000000,top
D457,LED,LED_0603_1608Metric,333.287500,-290.000000,0.000000,top
D458,LED,LED_0603_1608Metric,338.287500,-290.000000,0.000000,top
D459,LED,LED_0603_1608Metric,278.287500,-295.000000,0.000000,top
D460,LED,LED_0603_1608Metric,283.287500,-295.000000,0.000000,top
D461,LED,LED_0603_1608Metric,288.287500,-295.000000,0.000000,top
D462,LED,LED_0603_1608Metric,293.287500,-295.000000,0.000000,top
D463,LED,LED_0603_1608Metric,298.287500,-295.000000,0.000000,top
D464,LED,LED_0603_1608Metric,303.287500,-295.000000,0.000000,top
D465,LED,LED_0603_1608Metric,308.287500,-295.000000,0.000000,top
D466,LED,LED_0603_1608Metric,313.287500,-295.000000,0.000000,top
D467,LED,LED_0603_1608Metric,318.287500,-295.000000,0.000000,top
D468,LED,LED_0603_1608Metric,328.287500,-295.000000,0.000000,top
D469,LED,LED_0603_1608Metric,333.287500,-295.000000,0.000000,top
D470,LED,LED_0603_1608Metric,278.287500,-300.000000,0.000000,top
D471,LED,LED_0603_1608Metric,283.287500,-300.000000,0.000000,top
D472,LED,LED_0603_1608Metric,288.287500,-300.000000,0.000000,top
D473,LED,LED_0603_1608Metric,293.287500,-300.000000,0.000000,top
D474,LED,LED_0603_1608Metric,298.287500,-300.000000,0.000000,top
D475,LED,LED_0603_1608Metric,303.287500,-300.000000,0.000000,top
D476,LED,LED_0603_1608Metric,308.287500,-300.000000,0.000000,top
D477,LED,LED_0603_1608Metric,313.287500,-300.000000,0.000000,top
D478,LED,LED_0603_1608Metric,318.287500,-300.000000,0.000000,top
D479,LED,LED_0603_1608Metric,328.287500,-300.000000,0.000000,top
D480,LED,LED_0603_1608Metric,333.287500,-300.000000,0.000000,top
D481,LED,LED_0603_1608Metric,283.287500,-305.000000,0.000000,top
D482,LED,LED_0603_1608Metric,288.287500,-305.000000,0.000000,top
D483,LED,LED_0603_1608Metric,293.287500,-305.000000,0.000000,top
D484,LED,LED_0603_1608Metric,298.287500,-305.000000,0.000000,top
D485,LED,LED_0603_1608Metric,303.287500,-305.000000,0.000000,top
D486,LED,LED_0603_1608Metric,308.287500,-305.000000,0.000000,top
D487,LED,LED_0603_1608Metric,313.287500,-305.000000,0.000000,top
D488,LED,LED_0603_1608Metric,318.287500,-305.000000,0.000000,top
D489,LED,LED_0603_1608Metric,328.287500,-305.000000,0.000000,top
D490,LED,LED_0603_1608Metric,283.287500,-310.000000,0.000000,top
D491,LED,LED_0603_1608Metric,288.287500,-310.000000,0.000000,top
D492,LED,LED_0603_1608Metric,293.287500,-310.000000,0.000000,top
D493,LED,LED_0603_1608Metric,298.287500,-310.000000,0.000000,top
D494,LED,LED_0603_1608Metric,303.287500,-310.000000,0.000000,top
D495,LED,LED_0603_1608Metric,308.287500,-310.000000,0.000000,top
D496,LED,LED_0603_1608Metric,313.287500,-310.000000,0.000000,top
D497,LED,LED_0603_1608Metric,318.287500,-310.000000,0.000000,top
D498,LED,LED_0603_1608Metric,283.287500,-315.000000,0.000000,top
D499,LED,LED_0603_1608Metric,288.287500,-315.000000,0.000000,top
D500,LED,LED_0603_1608Metric,293.287500,-315.000000,0.000000,top
D501,LED,LED_0603_1608Metric,298.287500,-315.000000,0.000000,top
D502,LED,LED_0603_1608Metric,303.287500,-315.000000,0.000000,top
D503,LED,LED_0603_1608Metric,308.287500,-315.000000,0.000000,top
D504,LED,LED_0603_1608Metric,313.287500,-315.000000,0.000000,top
D505,LED,LED_0603_1608Metric,283.287500,-320.000000,0.000000,top
D506,LED,LED_0603_1608Metric,288.287500,-320.000000,0.000000,top
D507,LED,LED_0603_1608Metric,293.287500,-320.000000,0.000000,top
D508,LED,LED_0603_1608Metric,298.287500,-320.000000,0.000000,top
D509,LED,LED_0603_1608Metric,303.287500,-320.000000,0.000000,top
D510,LED,LED_0603_1608Metric,308.287500,-320.000000,0.000000,top
D511,LED,LED_0603_1608Metric,288.287500,-325.000000,0.000000,top
D512,LED,LED_0603_1608Metric,293.287500,-325.000000,0.000000,top
D513,LED,LED_0603_1608Metric,298.287500,-325.000000,0.000000,top
J1,Screw_Terminal_01x02,TerminalBlock_bornier-2_P5.08mm,225.000000,-107.000000,0.000000,top
J2,Screw_Terminal_01x04,TerminalBlock_bornier-4_P5.08mm,225.000000,-320.000000,0.000000,top
R1,20k,R_0603_1608Metric,222.000000,-300.000000,0.000000,top
R2,20k,R_0603_1608Metric,222.000000,-305.000000,0.000000,top
R3,20k,R_0603_1608Metric,222.000000,-310.000000,0.000000,top
R4,20k,R_0603_1608Metric,245.000000,-193.850000,90.000000,top
R5,20k,R_0603_1608Metric,246.000000,-310.000000,90.000000,top
R6,20k,R_0603_1608Metric,245.000000,-135.800000,90.000000,top
R7,20k,R_0603_1608Metric,246.000000,-251.950000,90.000000,top
R8,100k,R_0603_1608Metric,222.000000,-295.000000,180.000000,top
U1,IS31FL3731-QF,QFN-28-1EP_4x4mm_P0.4mm_EP2.3x2.3mm,250.000000,-188.066666,0.000000,top
U2,IS31FL3731-QF,QFN-28-1EP_4x4mm_P0.4mm_EP2.3x2.3mm,250.000000,-304.200000,0.000000,top
U3,IS31FL3731-QF,QFN-28-1EP_4x4mm_P0.4mm_EP2.3x2.3mm,250.000000,-130.000000,0.000000,top
U4,IS31FL3731-QF,QFN-28-1EP_4x4mm_P0.4mm_EP2.3x2.3mm,250.000000,-246.133332,0.000000,top
