"Id";"Designator";"Footprint";"Quantity";"Designation";"Supplier and ref";
1;"D103,D186,D364,D126,D95,D61,D480,D442,D124,D392,D395,D62,D430,D451,D438,D275,D356,D483,D458,D476,D64,D79,D206,D439,D231,D1,D129,D388,D423,D155,D269,D219,D118,D293,D410,D300,D134,D212,D92,D491,D406,D321,D398,D35,D436,D440,D479,D19,D338,D274,D198,D481,D369,D431,D31,D434,D107,D456,D512,D81,D488,D258,D239,D351,D236,D292,D66,D486,D149,D335,D90,D474,D153,D339,D287,D174,D283,D394,D353,D428,D204,D141,D191,D144,D179,D188,D437,D295,D333,D374,D466,D371,D324,D70,D173,D110,D56,D161,D288,D381,D501,D389,D490,D40,D57,D230,D330,D419,D314,D150,D105,D475,D84,D49,D455,D88,D461,D94,D232,D172,D380,D427,D312,D485,D133,D99,D383,D67,D187,D200,D272,D37,D205,D386,D358,D137,D17,D433,D334,D101,D194,D22,D249,D113,D233,D273,D98,D280,D38,D342,D215,D313,D384,D506,D387,D502,D147,D157,D265,D385,D11,D422,D493,D6,D140,D331,D344,D400,D296,D405,D350,D26,D298,D18,D355,D201,D195,D115,D60,D513,D183,D63,D52,D396,D409,D20,D93,D5,D345,D180,D286,D166,D472,D368,D262,D447,D352,D505,D159,D184,D250,D24,D182,D320,D403,D69,D122,D9,D259,D404,D478,D449,D34,D202,D424,D160,D16,D347,D441,D154,D189,D260,D112,D73,D72,D42,D146,D426,D365,D193,D138,D178,D375,D341,D190,D360,D402,D379,D229,D77,D162,D251,D100,D284,D496,D457,D494,D377,D416,D261,D301,D217,D401,D277,D327,D382,D82,D168,D128,D106,D322,D473,D302,D177,D366,D28,D407,D429,D299,D234,D362,D471,D136,D91,D454,D291,D120,D465,D253,D85,D336,D361,D132,D237,D390,D83,D139,D111,D500,D332,D445,D23,D220,D171,D4,D199,D116,D418,D268,D36,D464,D370,D7,D114,D29,D247,D121,D310,D255,D241,D47,D71,D252,D305,D170,D308,D391,D411,D13,D123,D425,D470,D185,D495,D181,D325,D208,D104,D117,D12,D222,D450,D125,D415,D511,D417,D326,D59,D74,D21,D343,D227,D290,D80,D318,D507,D307,D412,D39,D328,D306,D508,D463,D372,D127,D223,D337,D453,D367,D48,D209,D270,D357,D197,D152,D76,D282,D27,D54,D329,D499,D87,D203,D421,D363,D108,D399,D278,D156,D211,D221,D267,D224,D89,D297,D119,D263,D408,D285,D51,D58,D216,D86,D254,D53,D143,D462,D164,D30,D167,D176,D151,D452,D65,D2,D311,D498,D55,D510,D142,D444,D271,D304,D14,D393,D245,D158,D276,D226,D109,D256,D240,D323,D44,D131,D497,D75,D45,D432,D243,D8,D41,D414,D477,D315,D503,D460,D443,D130,D346,D96,D467,D281,D492,D294,D509,D218,D238,D448,D468,D169,D373,D165,D420,D317,D228,D446,D242,D50,D192,D340,D376,D163,D316,D435,D148,D489,D102,D413,D248,D214,D135,D257,D196,D348,D43,D484,D15,D244,D46,D319,D246,D289,D32,D303,D266,D213,D487,D309,D25,D10,D482,D3,D264,D145,D354,D97,D235,D207,D279,D33,D68,D349,D459,D359,D175,D397,D378,D225,D504,D469,D210,D78";"LED_0603_1608Metric";513;"LED";;;
2;"C4,C3,C1,C2,C7";"C_0402_1005Metric";5;"0.1uF";;;
3;"J1";"TerminalBlock_bornier-2_P5.08mm";1;"Screw_Terminal_01x02";;;
4;"R6,R7,R5";"R_0603_1608Metric";3;"4.7k";;;
5;"R2,R3,R4,R1";"R_0603_1608Metric";4;"20k";;;
6;"C5,C6";"C_0402_1005Metric";2;"10uF";;;
7;"U1,U2,U3,U4";"QFN-28-1EP_4x4mm_P0.4mm_EP2.3x2.3mm";4;"IS31FL3731-QF";;;
8;"J2";"TerminalBlock_bornier-4_P5.08mm";1;"Screw_Terminal_01x04";;;
9;"R8";"R_0603_1608Metric";1;"100k";;;
